district,Facility Inventory & Condition Assessment,Facility Inventory & Condition Assessment — why,Enrollment & Capacity Planning,Enrollment & Capacity Planning — why,Educational Alignment,Educational Alignment — why,Outdoor Spaces & Greening,Outdoor Spaces & Greening — why,Climate Risk & Mitigation,Climate Risk & Mitigation — why,Energy Efficiency & Resilience,Energy Efficiency & Resilience — why,Financial Plan & Capital Strategy,Financial Plan & Capital Strategy — why
FranklinMcKinley,4,"The plan presents a comprehensive district-wide inventory including detailed information on school buildings, classrooms, and other facilities such as cafeterias and multipurpose rooms. It provides a robust condition assessment covering major systems (HVAC, plumbing, roofs, electrical, lighting) and connects condition data to student outcomes and instructional priorities, identifying both immediate and long-term needs (Chunks 1, 4, 5).",3,"The plan provides detailed enrollment projections and discusses capacity utilization, identifying sites that are under- or over-capacity and potential actions such as expansion or consolidation. It acknowledges demographic changes and the impact of new housing developments but does not fully develop alternative or flexible uses of space (Chunks 1, 4, 6).",3,"The plan includes discussion of educational goals and relates them to facilities, mentioning flexible classrooms, technology integration, and programmatic needs. It connects facility projects to educational programs but coverage of programmatic shifts and specific educational specifications is partial (Chunks 3, 5, 6).",1,"There is no mention or minimal reference to outdoor spaces, schoolyard greening, or outdoor learning in the plan. Site maps and greening strategies are not discussed (All chunks).",1,"The plan acknowledges the need for energy management and some infrastructure upgrades but does not provide a detailed climate risk assessment or comprehensive climate resilience strategies. Climate readiness is not a central theme (Chunks 4, 5).",3,"The plan discusses energy efficiency strategies including HVAC upgrades, energy management systems, and photovoltaic installations at most campuses. It references state energy requirements and energy resilience goals but lacks comprehensive strategies for electrification, decarbonization, or microgrids (Chunks 3, 4, 5).",3,"The plan provides detailed cost estimates for projects, describes funding sources including bonds and developer fees, and outlines a prioritization framework based on safety and modernization. It discusses financial context and funding challenges but does not fully detail long-term financial sustainability or alternative financing (Chunks 1, 2, 3, 4)."
Fremont,4,"Comprehensive district-wide inventory including detailed site profiles for all schools with building ages, sizes, portables, and specialized spaces. Robust condition assessments cover HVAC, roofing, electrical, plumbing, security, and more, with phased capital projects addressing immediate and long-term needs (Sections 7, Site Profiles; Executive Summary).",4,"Detailed enrollment projections through 2029/30 by site, with capacity utilization data and portables inventory. Plan links enrollment trends to facility actions including phased replacement, consolidation, and TK/K expansions (Sections 1, 6, Site Profiles).",4,"Facilities planning explicitly aligned with district educational goals, including support for TK/K expansions, special education, STEM, wellness centers, and programmatic needs. Projects respond directly to educational specifications and program shifts (Sections 3, 5, Site Profiles).",3,"Plan includes data and analysis on outdoor spaces such as playfields, hardcourts, and shade structures. Strategies for improvements like metal shade structures, outdoor covered dining, and upgraded playfields are identified, though districtwide greening and climate resilience framing is limited (Sections 5, Site Profiles).",2,"Acknowledges climate-related facility impacts such as roofing and HVAC upgrades for sustainability and safety. References to shade structures and stormwater improvements exist, but lacks comprehensive multi-risk climate assessment or districtwide resilience strategy (Executive Summary, Sections 5, 6).",3,"Includes energy efficiency strategies such as HVAC replacements, roofing upgrades, solar infrastructure expansion, and security lighting. References to Title 24 and state goals are implied through compliance and modernization efforts, but lacks fully integrated energy resilience or electrification plans (Sections 2, 6, Site Profiles).",4,"Presents a detailed capital strategy with phased project prioritization, cost estimates with contingencies, and funding sources including bonds and state programs. Prioritization criteria include safety, equity, program alignment, and lifecycle costs, with Board-approved project lists and bond planning (Sections 6, Executive Summary)."
Fresno,4,"Comprehensive district-wide inventory including building ages, sizes, portables, and detailed site plans; robust condition assessment covering HVAC, electrical, plumbing, roofing, technology infrastructure, and accessibility; connects condition data to student outcomes and instructional priorities; includes immediate and long-term needs integrated into capital planning (Chunks 1, 18, 19).",4,"Provides detailed long-term enrollment projections with methodology; includes capacity utilization data by site and grade; connects analysis to specific facility actions including new construction, boundary changes, and consolidation; proposes adaptive uses of space and innovative programs (Chunks 1, 14-18, 24-26).",4,"Educational alignment is a core organizing principle; detailed educational program vision and facility standards linked to district mission; comprehensive analysis of how facilities support multiple programs including CTE, special education, collaborative learning, and technology; facility projects directly respond to educational goals (Chunks 10-14, 26-27).",1,"No mention or minimal reference to outdoor spaces, greening, or outdoor learning in the plan; site maps show outdoor spaces only as playgrounds or athletic fields without discussion of shade, green space, or environmental benefits (No evidence found in provided chunks).",0,"No mention of climate risks, climate readiness, or mitigation strategies related to climate change impacts in the plan; emergency preparedness is not linked to climate change (No evidence found in provided chunks).",1,"No mention or minimal reference to energy efficiency, electrification, decarbonization, or energy resilience; no data on energy use or state requirements; no discussion of energy-related climate impacts (No evidence found in provided chunks).",4,"Presents a comprehensive capital strategy with detailed cost estimates for all projects; includes prioritization framework and phased implementation plan; outlines multiple funding strategies including bonds, lease/lease-back, and state programs; considers long-term financial sustainability and aligns financial capacity with district priorities (Chunks 1, 27-30)."
Fullerton,4,"The plan provides a comprehensive district-wide inventory including detailed information on building sizes, ages, classrooms, specialized spaces, and site plans (Chunks 1-2). It includes a robust condition assessment covering major systems such as HVAC, roofing, electrical, plumbing, and accessibility, with detailed cost estimates and phased priorities (Chunks 2-12). The plan connects condition data to long-term capital planning and maintenance needs.",2,"The plan includes basic enrollment data per school and some capacity information such as number of classrooms and portables (Chunks 1, 3, 5). However, there is limited discussion of enrollment projections, demographic trends, or detailed capacity utilization analysis. There is no clear connection of enrollment trends to specific facility actions or adaptive space use strategies.",2,"The plan references educational programs such as CTE, science labs, and core educational facilities with associated modernization projects (Chunks 2-12). However, it lacks a comprehensive educational specifications section or detailed connection between educational goals and facility projects. The references to educational alignment are mostly at a basic level without detailed programmatic integration.",1,"There is minimal to no mention of outdoor spaces, schoolyard greening, or strategies for expanding green spaces or outdoor learning environments in the plan. Site maps show outdoor spaces mainly as athletic fields and parking without discussion of shade, canopy cover, or environmental benefits (Chunks 1-12).",0,"The plan does not mention climate risks, climate readiness, or mitigation strategies related to climate change impacts on facilities or operations. There is no evidence of climate risk assessment or integration of climate resilience as a planning priority.",3,"The plan includes energy efficiency projects such as lighting upgrades, HVAC improvements, and Prop 39 funding opportunities (Chunks 2-12). It references energy management and some energy resilience goals but lacks comprehensive strategies for electrification, decarbonization, or detailed energy use data. State requirements like Title 24 or Zero Net Energy goals are not explicitly referenced.",4,"The plan presents a detailed capital strategy with itemized cost estimates for deferred maintenance, modernization, new construction, and site improvements across multiple phases (Chunks 1-12). It includes prioritization of projects by phase and category, references funding sources such as Prop 39 and bonds, and considers long-term financial sustainability with escalation assumptions and contingencies."
Gilroy,4,"Comprehensive district-wide inventory including detailed classroom counts, portables, and specialized spaces; robust condition assessments with categories and detailed system evaluations; integration of condition data with long-term planning (Sections 4.1-4.20, Appendix 5.2).",4,"Detailed enrollment projections through 2023/24 with methodology, cohort analyses, and capacity utilization by site and grade; clear connection of projections to facility needs and potential expansions (Section 2.2, Appendix 5.2).",4,"Educational alignment is a core organizing principle with detailed educational program vision, specifications for flexible and technology-rich classrooms, specialized program spaces (CTE, special education, STEAM), and integration of facilities with instructional goals (Sections 2.3, 3.0, Meeting Minutes 5.1).",3,"Includes data and analysis of outdoor spaces with references to shade structures, play apparatus, and outdoor learning courts; strategies for improvement mentioned but not fully districtwide or detailed (Sections 2.3, site plans, and Meeting Minutes).",1,"Acknowledges climate-related concerns such as drought and energy conservation; however, lacks comprehensive climate risk assessment or detailed mitigation strategies across the district (Meeting Minutes 5.1, Energy Focus Group).",3,"Discusses energy efficiency strategies including LED lighting upgrades, solar carports, EMS systems, and HVAC replacements; references to Title 24 and state goals are implicit; energy resilience goals mentioned but not fully detailed (Energy Focus Group, Meeting Minutes).",4,"Comprehensive capital strategy with detailed cost estimates, prioritization framework, multiple funding sources including bonds and state grants, and phased implementation plan; includes prioritization exercises and financial projections (Section 3, Meeting Minutes 5.1, 6)."
GoldenValley,4,"Comprehensive district-wide inventory including detailed site plans, building sizes, ages, and specialized spaces; robust condition assessment covering HVAC, plumbing, electrical, lighting, technology infrastructure, and ADA compliance; connects condition data to instructional priorities and long-term capital planning (Chapters 3, Appendix A, Facilities Assessment).",4,"Provides detailed enrollment projections over 10+ years with methodology; includes capacity utilization by site, classroom, and grade; links projections to specific facility actions including new school construction and expansions; considers adaptive uses and community partnerships (Chapters 4, 5, Development Fee Justification Study).",4,"Educational specifications are a core organizing principle; detailed program descriptions for all grade levels and specialized programs (CTE, SDC, arts, STEM, etc.); clear integration of district mission, instructional priorities, and facilities planning; facility projects respond directly to educational needs (Appendix B, Educational Specifications).",2,"Includes references to outdoor play areas, playground equipment, and shade structures; some site drainage and stormwater management issues addressed; lacks districtwide data on green space, canopy cover, or comprehensive greening strategies; outdoor learning mentioned only in passing (Facility Master Plan, site plans, and project descriptions).",1,"Acknowledges some site infrastructure issues such as storm drainage and flooding; no comprehensive climate risk assessment or districtwide climate resilience strategies evident; limited mention of mitigation measures related to climate impacts (Facility Master Plan, Chapter 3).",3,"Includes data on HVAC units, lighting types, and electrical systems; references to energy management systems and some energy efficiency upgrades; mentions security and technology system upgrades; lacks comprehensive districtwide energy resilience plan or detailed electrification and decarbonization strategies (Facilities Assessment, Mechanical and Electrical sections).",4,"Presents detailed cost estimates for all projects with escalation and contingencies; clear prioritization framework linked to enrollment growth and facility needs; outlines multiple funding sources including local bonds, state programs, developer fees, and alternative financing; includes long-term financial sustainability considerations (Chapter 6, Financing, and Project Budgets)."
Goleta,4,"Comprehensive district-wide inventory including building age, size, classrooms, specialized spaces, and detailed site plans (Chunks 1-6). Robust condition assessments cover HVAC, plumbing, roofs, electrical, lighting, technology infrastructure, and accessibility with data-driven prioritization for immediate and long-term needs (Chunks 4-6, 18-20). Termite damage and roof issues are documented with integrated capital planning (Chunks 5, 18, 31).",4,"Detailed enrollment projections and capacity utilization data by site, classroom, and grade with square footage and student counts (Chunks 3-4). Plans link capacity analysis to specific facility actions including new construction, consolidation, and adaptive space use (Chunks 3, 16, 24). Innovative uses such as wellness hubs and community partnerships are referenced (Chunks 16, 24).",4,"Educational alignment is a core organizing principle with comprehensive analysis connecting district mission, instructional priorities, and facilities planning (Appendix A, Chunks 69-80). Detailed educational specifications cover STEAM, art, music, special education, outdoor learning, and flexible learning environments (Chunks 69-80). Facility projects respond directly to educational needs including maker spaces, flexible classrooms, and specialized program spaces.",4,"Outdoor greening and climate-adapted design are central elements with districtwide data on green surfaces, shade coverage, and stormwater management (Appendix A, Chunks 69, 91-92). Strategies include expanding tree cover, permeable surfaces, outdoor classrooms, rain gardens, and bioswales (Appendix A). Outdoor learning and environmental literacy are integrated holistically (Chunks 69, 91-92).",2,"Plan addresses climate impacts and resilience strategies with some detail, including shade structures and solar parking shade with battery storage (Budget Summary, Chunks 93-96). However, comprehensive district-wide climate risk assessment and multi-impact mitigation strategies are not fully evident.",3,"Energy efficiency strategies such as solar panels, LED lighting, HVAC upgrades, and electrification are included (Budget Summary, Chunks 93-96). Energy resilience is mentioned with solar parking shade structures and battery storage, but comprehensive data on energy use and full electrification plans are limited.",4,"Comprehensive capital strategy with detailed cost estimates, project prioritization, and multiple funding strategies including bonds, state programs, and developer fees (Budget Summary, Chunks 93-96). Cost escalation assumptions and contingencies are included. Prioritization criteria align with safety, equity, program alignment, lifecycle cost, and climate resilience."
Gonzales,4,"Comprehensive district-wide inventory including detailed building ages, sizes, classrooms, portables, and specialized spaces across all schools. Robust condition assessments cover major systems (HVAC, roofing, windows, ADA compliance, security) with detailed cost estimates and integration into long-term capital planning (Sections 4, 9-15).",4,"Detailed enrollment projections over 6 years with methodology explained, including demographic trends, birth rates, housing development, and cohort analysis. Capacity utilization data by site and classroom provided with clear connection to facility needs and planning for new construction and modernization (Sections 3, 6-8).",2,"Educational goals and mission are mentioned broadly (e.g., technology use, standards-based curriculum at Gonzales High), but the plan lacks detailed educational specifications or explicit connections between facility projects and specific educational programs or instructional needs (Sections 8, 44).",2,"Outdoor spaces such as playfields, all-weather tracks, and playground upgrades are noted with some cost estimates, but there is minimal discussion of greening, shade, or environmental benefits. No districtwide data or comprehensive greening strategies are provided (Sections 3, 11, 15).",1,"The plan acknowledges facility needs related to roofing, HVAC, and security but does not include a detailed climate risk assessment or climate resilience strategies. Climate readiness is not a central theme in the plan (no explicit references found).",1,"No mention of energy efficiency, electrification, decarbonization, or energy resilience strategies. No data on energy use or reference to state requirements such as Title 24 or Zero Net Energy goals (no relevant content found).",4,"Comprehensive financial plan including detailed cost estimates for modernization and new construction projects, multiple funding sources (state modernization, new construction, developer fees, local bonds, COPs), and discussion of prioritization and long-term funding strategy (Sections 2-6)."
GrassValley,4,"Comprehensive district-wide inventory including detailed building and classroom data, portable counts, and site acreage (Sections II, Appendix A-D). Robust condition assessment using Facility Inspection Tool with detailed ratings and connection to maintenance planning (Section III, Tables III-2, III-3). Includes DSA certification status and long-term capital needs integrated into planning (Section VI).",4,"Detailed enrollment projections through 2026/27 with methodology explained, including cohort survival and housing development impact (Section IV, Tables IV-1 to IV-3). Capacity utilization data by site and classroom with practical capacity calculations and connection to facility actions (Section II, Table II-4). Explicit discussion of under- and over-capacity and potential facility actions.",4,"Educational goals and mission clearly integrated with facilities planning (Section I). Detailed LCAP goals linked to facility needs and program support including special education, charter school programs, and instructional technology. Facility projects and modernization plans respond directly to educational program needs and priorities (Sections I, VI).",2,"Some references to outdoor spaces such as playgrounds, community gardens, and shaded outdoor patios (Sections II, VI). However, lacks districtwide data or comprehensive strategies for greening, shade coverage, or stormwater management. No explicit connection to climate resilience or outdoor learning.",1,"Minimal mention of climate-related risks or mitigation strategies. Some references to weatherproofing roofs and infrastructure upgrades (Section VI), but no comprehensive climate risk assessment or districtwide resilience planning.",3,"Includes energy use data and energy-related upgrades such as HVAC replacements, LED lighting retrofits, and solar attenuating windows (Sections VI, Appendices). References to Title 24 and energy efficiency goals are implicit in modernization projects. Energy resilience discussed but not comprehensively planned districtwide.",4,"Comprehensive capital strategy with detailed cost estimates by project and priority, including contingencies and escalation (Section VI, Appendix F). Clear prioritization framework and multiple funding sources identified including state programs, bonds, and grants (Section VII). Financial planning aligned with educational and facility needs."
Gravenstein,4,"The plan provides a comprehensive district-wide inventory including detailed information on building age, size, classrooms, and specialized spaces (e.g., music rooms, science labs, multipurpose rooms). It includes robust condition assessments covering structural, electrical, mechanical, roofing, dry rot, accessibility, and energy systems, with detailed recommendations and phased capital planning (Sections 4 and 5, pages 11-26).",2,The plan includes enrollment trend data from 2001-2011 with some discussion of recent increases but lacks detailed long-term projections or capacity utilization analysis linked to specific facility actions (Page 6). There is no comprehensive strategy connecting enrollment trends to facility consolidation or adaptive reuse.,3,"The plan references educational goals and programs such as music, science labs, and arts, and connects facility projects to these programs (e.g., new science and music classrooms). It includes some educational specifications beyond minimum requirements but coverage is partial and not fully integrated district-wide (Sections 4 and 5, pages 12-25).",2,"The plan mentions outdoor spaces such as shaded lunch areas, garden and greenhouse, and plaza/amphitheater concepts, but provides minimal data or districtwide analysis of green space or greening strategies. References to outdoor learning and greening are limited and not fully developed (Pages 19, 30-31).",1,The plan acknowledges energy efficiency and some environmental considerations but does not include a detailed climate risk assessment or comprehensive climate resilience strategies. Climate readiness is not a central theme (Sections on energy and facility assessments).,3,"The plan discusses energy efficiency upgrades including insulation, lighting upgrades, solar photovoltaic systems, and mechanical system improvements. It references energy benchmarking and some resilience goals but lacks a fully integrated energy resilience strategy or detailed data on energy use and state compliance (Pages 8-9, 15, 25).",3,"The plan provides detailed cost estimates for projects, phased implementation, and some prioritization criteria. It identifies funding sources such as state modernization funds but lacks a comprehensive multi-source funding strategy or long-term financial sustainability analysis (Pages 31-33)."
Hanford,4,"The plan provides a comprehensive district-wide inventory including detailed building ages, sizes, classroom counts, and specialized spaces for all schools (Section 4 Facilities Assessments). It includes robust condition assessments covering HVAC, roofing, electrical, plumbing, ADA compliance, and connects these to long-term capital planning with detailed cost estimates and modernization eligibility (e.g., pages 33-126).",4,"The plan includes a comprehensive enrollment analysis with historic data and six-year projections, detailed methodology including birth rates, cohort analysis, and new housing development impacts (Section 3 Demographics & Projections, pages 27-31). Capacity utilization is detailed by site and classroom, with explicit connections to facility actions and modernization eligibility (Section 4).",2,"The plan references educational goals broadly and mentions 21st Century learning environments and program needs such as TK classrooms and ADA compliance (Executive Summary, Section 1). However, it lacks a detailed educational specifications section or explicit connections between facility projects and specific educational programs or instructional strategies.",2,"The plan includes references to playgrounds, shade structures, and some outdoor facilities improvements (e.g., playground replacements, shade structures at Simas and Monroe Elementary, pages 71, 89). However, it lacks districtwide data or detailed strategies on greening, canopy cover, permeable surfaces, or climate-adapted outdoor design.",1,The plan minimally acknowledges climate-related issues indirectly through references to shade structures and energy efficiency but does not include a comprehensive climate risk assessment or detailed climate resilience strategies as a central theme.,3,"The plan discusses energy efficiency strategies such as LED lighting upgrades, HVAC replacements, and references Title 24 and Zero Net Energy goals (Section 1 Executive Summary, Section 4 Facilities Assessment). It mentions energy resilience goals but does not present a comprehensive district-wide energy resilience strategy including microgrids or electrification plans.",4,"The plan presents a detailed financial strategy including itemized cost estimates, state and local funding sources, prioritization frameworks, and funding eligibility analyses (Section 2 Financial Planning, pages 11-26). It discusses state modernization eligibility, local bonds, developer fees, and includes a realistic funding gap analysis with recommendations for sequencing and leveraging multiple funding sources."
Hayward,4,"Comprehensive district-wide inventory including detailed data on building age, size, classrooms, specialized spaces, and site plans. Robust condition assessments cover all major systems with multiple data sources and connect facility condition to student outcomes and long-term capital planning (Sections 4, 7, 15, 76-82).",4,"Provides comprehensive enrollment analysis with detailed methodology, long-term projections, capacity utilization by site and grade, and explicit strategies for school closures, consolidations, and adaptive uses. Includes demographic studies and detailed capacity data linked to facility actions (Sections 7, 14, 25-27).",4,"Educational alignment is a core organizing principle, with clear integration of district mission, instructional priorities, and facilities planning. Detailed analysis of how facilities support multiple programs including TK, CTE, special education, and collaborative learning is provided (Sections 2, 4, 7).",3,"Includes data and analysis of outdoor spaces with references to shade structures, playgrounds, and outdoor learning areas at multiple sites. Strategies for improvement are identified but not fully detailed district-wide or framed as climate resilience (Sections 7, 11).",3,"Plan addresses climate risks such as seismic hazards with detailed structural reviews and mitigation strategies for affected sites. Climate readiness is a priority and theme in planning and design, though comprehensive multi-risk district-wide assessment is limited (Sections 11, 74).",4,"Energy resilience and efficiency are core parts of the plan, with data on energy use, solar PV installations district-wide, electrification plans, and alignment with state requirements. Includes strategies for reducing costs, emissions, and improving indoor air quality (Sections 6, 11, 75).",4,"Presents a comprehensive capital strategy with detailed cost estimates, prioritization frameworks, multiple funding sources including bonds and developer fees, and long-term financial sustainability considerations. Includes bond history, financing plans, and asset management strategies (Sections 9, 70-72)."
Hemet,3,"The plan includes a comprehensive inventory of all district facilities with detailed data on building age, size, classrooms, portables, and specialized spaces (e.g., athletic fields, cafeterias). The condition assessment references needed improvements and modernization projects, including ADA upgrades and furniture replacement, and uses refurbishment priority ratings for portables, indicating a more comprehensive assessment than a simple FIT tool. However, detailed condition assessments with multiple data sources or direct connections to student outcomes and long-term capital planning are not fully evident (Chunks 1-7).",1,"No mention or analysis of enrollment projections, capacity utilization, or demographic trends is present in the provided content. The plan lists capacity numbers per site but does not discuss utilization or long-term planning related to enrollment (Chunks 1-7).",1,"There is no reference to educational goals, educational specifications, or connections between facilities and instructional needs or programs in the provided content (Chunks 1-7).",1,"The plan does not mention outdoor spaces, greening, shade, or outdoor learning strategies. Site maps and outdoor space descriptions are not included in the provided content (Chunks 1-7).",0,"No mention of climate risks, climate readiness, or mitigation strategies is found in the provided content. Emergency preparedness is not discussed in relation to climate change (Chunks 1-7).",1,"There is no mention of energy efficiency, electrification, decarbonization, energy resilience, or state requirements such as Title 24 or Zero Net Energy goals in the provided content (Chunks 1-7).",1,"The plan does not include discussion of funding sources, cost estimates, prioritization frameworks, or financial strategies. Cost estimates for needed repairs are noted as forthcoming, indicating minimal current financial planning detail (Chunk 7)."
Hope,4,"Comprehensive district-wide inventory including building age, size, classrooms, specialized spaces, and detailed site plans (Chunks 2-3, 5-7). Robust condition assessment with detailed scoring for major systems and priority factors, including immediate and long-term needs integrated into capital planning (Chunks 2-4, 6-7).",4,Detailed enrollment projections with methodology from demographic study and district data (Chunk 10). Capacity utilization data by site and classroom with square footage and student numbers provided. Explicit connection of capacity analysis to facility actions and planning (Chunk 10).,4,"Educational alignment is a core organizing principle with a comprehensive Educational Specifications section detailing how facilities support multiple programs (TK, special education, STEM, arts, outdoor learning) with clear connections to district mission and instructional priorities (Chunks 9-27). Facility projects and specifications respond directly to educational goals.",3,"Provides data and analysis of outdoor spaces including playfields, hardcourts, and apparatus areas with surface types and sizes (Chunks 21-23). Identifies strategies for improvements such as tree trimming and playfield repairs. Mentions outdoor classrooms and their educational use but lacks districtwide greening data or climate resilience framing.",1,"Minimal mention of climate-related issues; no detailed climate risk assessment or comprehensive mitigation strategies found in the plan. Some references to sustainability and passive systems but no explicit climate resilience or risk assessment (Chunks 11, 15-17).",2,"Mentions energy efficiency measures such as HVAC upgrades, LED lighting, and some sustainability focus (Chunks 11, 15-17). Lacks detailed energy use data, comprehensive energy resilience strategies, or explicit reference to state requirements like Title 24 or Zero Net Energy goals.",4,"Presents detailed cost estimates for immediate, short-term, and long-term projects with prioritization and phased budgeting (Chunks 3-6, 8). Includes funding sources and prioritization framework. Provides a comprehensive capital strategy aligned with district needs and educational priorities."
IndianDiggings,2,"The plan includes a basic inventory mentioning the original building dates and some facility components (e.g., classrooms, multipurpose room) and uses the Facility Inspection Tool (FIT) for condition assessment. However, it lacks detailed square footage data, comprehensive system assessments, and robust condition scoring beyond major issues (Chunk 1).",1,"There is no mention or analysis of enrollment trends, projections, or capacity utilization in the provided plan content.",2,"The plan references educational goals broadly, such as creating learning environments for the next generation and technology upgrades, but lacks detailed educational specifications or connections between facility projects and specific instructional needs (Chunk 1).",1,The plan does not reference outdoor spaces or schoolyard greening strategies; outdoor areas are only mentioned in terms of playground and field repairs without greening or environmental considerations (Chunks 2 and 3).,1,"The plan acknowledges snow damage as a climate-related issue affecting infrastructure and includes repair strategies, but does not provide a detailed climate risk assessment or comprehensive mitigation strategies (Chunk 1).",2,"The plan mentions energy efficiency projects such as Proposition 39 energy efficiency program and some technology upgrades but lacks detailed energy use data, resilience strategies, or references to state requirements like Title 24 or Zero Net Energy goals (Chunk 1).",3,"The plan provides itemized cost estimates for projects with prioritization codes and discusses funding sources including ERATE, community donations, and potential modernization funds. It outlines a phased approach and prioritization based on safety and needs but lacks comprehensive long-term financial sustainability analysis (Chunks 2 and 3)."
Irvine,4,"The plan presents a comprehensive district-wide inventory including all schools and support sites with detailed information on building age, size, classrooms, and specialized spaces (Chunks 1-4). It includes a robust condition assessment covering major systems and uses multiple data sources, connecting condition data to instructional priorities and long-term capital planning (Chunks 2-4).",4,"The plan provides comprehensive enrollment projections with detailed methodology and long-term horizon, including capacity utilization data by site and grade (Chunks 8-9). It explicitly links enrollment projections to facility actions such as new school construction, expansions, and reconfigurations, with innovative adaptive uses and developer collaboration for new school funding (Chunks 8-9).",4,"Educational alignment is a core organizing principle, with detailed educational specifications approved by the Board and integrated into facility planning (Chunks 1-4, 9-10). The plan connects facility projects directly to educational goals, including STEM labs, flexible classrooms, and specialized program spaces, supporting the district mission and instructional priorities (Chunks 9-10).",2,"The plan includes some references to outdoor spaces such as playgrounds, shade structures, and landscape/hardscape improvements (Chunks 3-7). However, it lacks districtwide data or detailed strategies for greening, shade coverage, or climate resilience framing related to outdoor spaces.",1,"The plan minimally acknowledges climate change impacts and includes some shade structures as a strategy, but does not provide detailed climate risk assessments or comprehensive resilience strategies across the district (Chunks 3, 5). Climate readiness is not a central theme in the plan.",1,"The plan does not mention energy efficiency, electrification, decarbonization, or energy resilience strategies, nor does it reference state requirements such as Title 24 or Zero Net Energy goals. Energy data and related strategies are absent (no evidence in provided chunks).",4,"The plan presents a comprehensive capital strategy with detailed cost estimates by project and scope category, including escalation assumptions (Chunks 5-8). It outlines a clear prioritization framework and multiple funding strategies including local bonds, state programs, and developer fees, with consideration of long-term financial sustainability and alignment with district priorities (Chunks 5-8, 13)."
Kentfield,4,"The plan provides a comprehensive district-wide inventory including detailed building sizes, ages, classrooms, portables, and specialized spaces (e.g., libraries, MPRs, athletic fields). It includes robust condition assessments of major systems (HVAC, plumbing, electrical, structural) with engineering reports and recommendations, connecting condition data to long-term planning and modernization needs (Chunks 3-6, 8-10).",4,"Includes a detailed demographic study with 10-year enrollment projections and growth assumptions, identifies overcrowding issues, and proposes specific strategies such as relocating a grade level and new classroom construction. Capacity utilization is analyzed by site and connected to facility actions including new construction and renovations (Chunks 1-2, 7-9).",4,"The plan explicitly integrates educational goals with facilities planning, emphasizing 21st century learning environments, flexible classrooms, and specialized spaces (e.g., STEM labs, maker spaces, music rooms). Facility projects are directly linked to educational programs and instructional needs, with detailed educational specifications and program summaries (Chunks 7-10).",3,"The plan provides data and analysis of outdoor spaces including courtyards, playgrounds, and athletic fields, and identifies strategies for improvement such as outdoor learning environments, shade structures, and passive play areas. However, districtwide greening data and comprehensive climate-adapted design as a central element are not fully detailed (Chunks 7-9).",1,The plan acknowledges the need for safety and security improvements and infrastructure upgrades but does not provide a detailed climate risk assessment or comprehensive climate resilience strategies related to specific climate impacts (no explicit mention of climate risks or mitigation strategies) (all chunks).,3,"The plan includes recommendations for HVAC upgrades, energy management systems, and replacement of inefficient boilers and water heaters. It references energy efficiency strategies and infrastructure modernization but lacks comprehensive data on energy use, resilience strategies, or explicit reference to state requirements like Title 24 or Zero Net Energy goals (Chunks 4, 6, 8, 10).",4,"Presents a detailed capital strategy with itemized cost estimates for all projects, including contingencies and escalation. The plan includes a phasing plan, funding sources (Measure D bond), prioritization criteria, and a comprehensive financial framework aligned with district needs and educational priorities (Chunks 1-2, 12)."
Kerman,4,"Comprehensive district-wide inventory including detailed site plans, building sizes, ages, portables, and specialized spaces; robust condition assessment covering HVAC, plumbing, roofs, electrical, lighting, technology infrastructure, and accessibility; connects condition data to student outcomes and integrates short- and long-term needs into capital planning (Ch.4-5, 10-13, 20-22).",4,"Provides detailed enrollment projections through 2030-31 with methodology explained; includes capacity utilization data by site and grade with square footage and classroom loading; links projections to specific facility actions including portable removal, new elementary school opening, boundary changes, and capacity balancing strategies (Ch.6-9, 20-23, 30).",4,"Educational alignment is a core organizing principle with a comprehensive district-wide educational specifications document; detailed analysis of how facilities support multiple programs including TK, CTE, special education, STEM, collaborative learning, and technology integration; facility projects directly respond to educational goals and program needs (Ch.22-36).",3,"Includes data and analysis of outdoor spaces with references to playgrounds, plazas, quads, and green spaces; identifies strategies for improvement such as shade structures, outdoor classrooms, and expanded play areas; mentions connections between greening and wellness but lacks districtwide data on green surface coverage or comprehensive climate resilience framing (Ch.6, 15, 19, 31-32).",1,"Acknowledges climate change impacts broadly and references some strategies such as shade structures and site improvements; however, lacks detailed climate risk assessment, frequency or intensity data, and comprehensive district-wide mitigation strategies; climate readiness is not a central theme (No explicit detailed climate risk or mitigation sections found).",2,"Mentions energy efficiency projects such as HVAC upgrades and lighting improvements; lacks comprehensive energy use data, detailed resilience strategies, or references to state mandates like Title 24 or Zero Net Energy goals; no detailed discussion of electrification or decarbonization (No detailed energy baseline or resilience plan found).",3,"Provides itemized cost estimates and a prioritization framework linking projects to safety, modernization, and capacity balancing; identifies funding sources including bonds and state programs; discusses project phasing and long-term sustainability considerations though not comprehensively detailed (Ch.10-11, 30)."
KingCity,4,"Comprehensive district-wide inventory including detailed site plans and square footage; robust condition assessment covering major systems and infrastructure; connects condition data to student outcomes and long-term capital planning (Facility Assessment, Appendix, and multiple site-specific assessments).",4,"Provides detailed enrollment projections using cohort survival method augmented by residential housing starts; includes capacity utilization data by site and grade; links enrollment projections to specific facility actions including new construction and reconfiguration (Demographics and Data Analysis, Classroom Standards and Loading, Phase I-IV Recommendations).",3,"Includes district educational goals and relates them to facilities; discusses educational specifications such as classroom standards and loading; connects facility projects to educational programs but coverage of programmatic shifts and technology integration is partial (Executive Summary, Classroom Standards and Loading, Educational Environment sections).",2,Mentions outdoor spaces such as playfields and hardscapes with some discussion of condition and need for improvements; limited detail on greening strategies or districtwide data on green space; no explicit connection to climate resilience or outdoor learning (Facility Assessments discuss playfields and landscaping but lack comprehensive greening strategy).,2,"Acknowledges natural occurring asbestos (NOA) and mitigation measures; references some site-specific environmental hazards; limited detailed climate risk assessment or comprehensive districtwide climate resilience strategies (Facility Assessment Appendix, site-specific asbestos mitigation).",3,"Discusses energy efficiency strategies including HVAC replacement, energy management systems, and solar estimates; references Title 24 and state goals; mentions energy resilience goals but lacks comprehensive districtwide resilience plan (Facility Assessment, Energy sections, and project cost estimates include solar).",4,"Presents detailed capital strategy with phased project prioritization, detailed cost estimates with contingencies, and multiple funding sources including bonds, developer fees, and state programs; includes financial hardship application strategy and long-term financial sustainability considerations (Financial Plan, Funding Options, and Phase I-IV Recommendations)."
